{
  "weights": [
    0.6226705466307567,
    -2.082548347404684,
    -2.1563313250775726,
    0.35774128308504344,
    0.45704554384137,
    5.511262341161047
  ],
  "fitness": 429745,
  "score": 397,
  "steps": 32745,
  "generation": 594
}