{
  "weights": [
    2.1208475833759035,
    -3.2047726066121194,
    -1.4528650734070816,
    0.017838529394389624,
    -0.46430075434773554,
    3.3883470728383522
  ],
  "fitness": 100913,
  "score": 99,
  "steps": 1913,
  "generation": 459
}