{
  "weights": [
    0.7621143814079498,
    -0.8166236630074352,
    -2.5581913116908264,
    0.3510575859305942,
    0.1979731994051285,
    5.420839792611312
  ],
  "fitness": 430471,
  "score": 400,
  "steps": 30471,
  "generation": 821,
  "selection_eval": {
    "runs": 1,
    "target_score": 400,
    "success_count": 0,
    "success_rate": 0.0,
    "max_score": 389,
    "min_score": 389,
    "avg_score": 389.0,
    "avg_steps": 30478.0
  },
  "selected_from": "score400_gen0821_r01_fit430471_steps30471.json"
}