{
  "weights": [
    0.6965346443816949,
    -1.1618818771364228,
    -2.3649447591701045,
    0.35807508890794226,
    0.795922321143825,
    5.542722562959145
  ],
  "fitness": 431655,
  "score": 400,
  "steps": 31655,
  "generation": 860,
  "selection_eval": {
    "runs": 30,
    "target_score": 400,
    "success_count": 1,
    "success_rate": 0.03333333333333333,
    "max_score": 400,
    "min_score": 123,
    "avg_score": 343.8666666666667,
    "avg_steps": 24397.466666666667
  },
  "selected_from": "score400_gen0860_r01_fit431655_steps31655.json"
}