{
  "weights": [
    0.2806369875598592,
    -2.2717846666614347,
    -2.506491189481604,
    0.3467093913633506,
    0.4969101980403585,
    5.648342108880375
  ],
  "fitness": 434078,
  "score": 400,
  "steps": 34078,
  "generation": 662
}