{
  "weights": [
    0.6122584960574863,
    -1.1618818771364228,
    -2.5581913116908264,
    0.35807508890794226,
    0.41710133310042574,
    5.359093403866991
  ],
  "fitness": 430925,
  "score": 400,
  "steps": 30925,
  "generation": 848
}