{
  "weights": [
    0.8897773703377588,
    -1.2898326349446112,
    -2.441029949600405,
    0.5881137506331512,
    -0.3300819632458301,
    6.077718799415833
  ],
  "fitness": 431481,
  "score": 400,
  "steps": 31481,
  "generation": 852
}