{
  "weights": [
    1.2677661739748554,
    -1.136018762688872,
    -2.5581913116908264,
    0.01214640133231737,
    0.4264297565849462,
    5.232323745092132
  ],
  "fitness": 429811,
  "score": 400,
  "steps": 29811,
  "generation": 826
}