{
  "weights": [
    0.5478007961795763,
    -0.7183459693034691,
    -2.54785866650022,
    0.2952899343025973,
    -0.124966993996976,
    5.420839792611312
  ],
  "fitness": 430150,
  "score": 400,
  "steps": 30150,
  "generation": 813
}