{
  "weights": [
    0.6965346443816949,
    -1.1618818771364228,
    -2.3649447591701045,
    0.35807508890794226,
    0.795922321143825,
    5.542722562959145
  ],
  "fitness": 431655,
  "score": 400,
  "steps": 31655,
  "generation": 860
}