{
  "weights": [
    0.7621143814079498,
    -0.8166236630074352,
    -2.5581913116908264,
    0.3510575859305942,
    0.1979731994051285,
    5.420839792611312
  ],
  "fitness": 430471,
  "score": 400,
  "steps": 30471,
  "generation": 821
}