{
  "weights": [
    1.1663609379678503,
    -1.136018762688872,
    -2.5581913116908264,
    0.005056179885605999,
    -0.634948571704246,
    5.284944226883143
  ],
  "fitness": 430361,
  "score": 400,
  "steps": 30361,
  "generation": 836
}