{
  "weights": [
    0.38929983130507817,
    -0.719429356307242,
    -2.6428563443633717,
    0.04477750632329369,
    0.4280819964023776,
    5.86122517907667
  ],
  "fitness": 431860,
  "score": 400,
  "steps": 31860,
  "generation": 863
}