{
  "weights": [
    1.300555694459527,
    -0.854359182108572,
    -2.8058892997697074,
    0.07296669586076526,
    0.32341155755915907,
    5.794740348939784
  ],
  "fitness": 433458,
  "score": 400,
  "steps": 33458,
  "generation": 879
}