{
  "weights": [
    1.0658235879876214,
    -1.235739290784115,
    -2.326814233836944,
    0.04477750632329369,
    0.5339289873095499,
    5.942282826192442
  ],
  "fitness": 430719,
  "score": 400,
  "steps": 30719,
  "generation": 876
}