{
  "weights": [
    0.6313148915826636,
    -0.8542952391101828,
    -2.2043454218672096,
    0.07296669586076526,
    0.3135869936773793,
    6.077718799415833
  ],
  "fitness": 432243,
  "score": 400,
  "steps": 32243,
  "generation": 857
}